Cows' milk,1 qt.,976,660,32,40,36,0,48,Dairy products
Milk skim,1 qt.,984,360,36,t,t,0,52,Dairy products
Buttermilk,1 cup,246,127,9,5,4,0,13,Dairy products
"Evaporated, undiluted",1 cup,252,345,16,20,18,0,24,Dairy products
Fortified milk,6 cups,"1,419","1,373",89,42,23,1.4,119,Dairy products
Powdered milk,1 cup,103,515,27,28,24,0,39,Dairy products
"skim, instant",1 1/3 cups,85,290,30,t,t,0,42,Dairy products
"skim, non-instant",2/3 cup,85,290,30,t,t,1,42,Dairy products
Goats' milk,1 cup,244,165,8,10,8,0,11,Dairy products
(1/2 cup ice cream),2 cups,540,690,24,24,22,0,70,Dairy products
Cocoa,1 cup,252,235,8,11,10,0,26,Dairy products
skim. milk,1 cup,250,128,18,4,3,1,13,Dairy products
(cornstarch),1 cup,248,275,9,10,9,0,40,Dairy products
Custard,1 cup,248,285,13,14,11,0,28,Dairy products
Ice cream,1 cup,188,300,6,18,16,0,29,Dairy products
Ice milk,1 cup,190,275,9,10,9,0,32,Dairy products
Cream or half-and-half,1/2 cup,120,170,4,15,13,0,5,Dairy products
or whipping,1/2 cup,119,430,2,44,27,1,3,Dairy products
Cheese,1 cup,225,240,30,11,10,0,6,Dairy products
uncreamed,1 cup,225,195,38,t,t,0,6,Dairy products
Cheddar,1-in. cube,17,70,4,6,5,0,t,Dairy products
"Cheddar, grated cup",1/2 cup,56,226,14,19,17,0,1,Dairy products
Cream cheese,1 oz.,28,105,2,11,10,0,1,Dairy products
Processed cheese,1 oz.,28,105,7,9,8,0,t,Dairy products
Roquefort type,1 oz.,28,105,6,9,8,0,t,Dairy products
Swiss,1 oz.,28,105,7,8,7,0,t,Dairy products
Eggs raw,2,100,150,12,12,10,0,t,Dairy products
Eggs Scrambled or fried,2,128,220,13,16,14,0,1,Dairy products
Yolks,2,34,120,6,10,8,0,t,"Fats, Oils, Shortenings"
Butter,1T.,14,100,t,11,10,0,t,"Fats, Oils, Shortenings"
Butter,1/2 cup,112,113,114,115,116,117,118,"Fats, Oils, Shortenings"
Butter,1/4Â lb.,112,113,114,115,116,117,118,"Fats, Oils, Shortenings"
Hydrogenated cooking fat,1/2 cup,100,665,0,100,88,0,0,"Fats, Oils, Shortenings"
Lard,1/2 cup,110,992,0,110,92,0,0,"Fats, Oils, Shortenings"
Margarine,1/2 cup,112,806,t,91,76,0,t,"Fats, Oils, Shortenings"
"Margarine, 2 pat or",1 T.,14,100,t,11,9,0,t,"Fats, Oils, Shortenings"
Mayonnaise,1 T.,15,110,t,12,5,0,t,"Fats, Oils, Shortenings"
Corn oil,1 T.,14,125,0,14,5,0,0,"Fats, Oils, Shortenings"
Olive oil,1T.,14,125,0,14,3,0,0,"Fats, Oils, Shortenings"
Safflower seed oil,1 T.,14,125,0,14,3,0,0,"Fats, Oils, Shortenings"
French dressing,1 T.,15,60,t,6,2,0,2,"Fats, Oils, Shortenings"
Thousand Island sauce,1 T.,15,75,t,8,3,0,1,"Fats, Oils, Shortenings"
Salt pork,2 oz.,60,470,3,55,,0,0,"Meat, Poultry"
Bacon,2 slices,16,95,4,8,7,0,1,"Meat, Poultry"
Beef,3 oz.,85,245,23,16,15,0,0,"Meat, Poultry"
Hamburger,3 oz.,85,245,21,17,15,0,0,"Meat, Poultry"
Ground lean,3 oz.,85,185,24,10,9,0,0,"Meat, Poultry"
Roast beef,3 oz.,85,390,16,36,35,0,0,"Meat, Poultry"
Steak,3 oz.,85,330,20,27,25,0,0,"Meat, Poultry"
"Steak, lean, as round",3 oz.,85,220,24,12,11,0,0,"Meat, Poultry"
Corned beef,3 oz.,85,185,22,10,9,0,0,"Meat, Poultry"
Corned beef hash canned,3 oz.,85,120,12,8,7,t,6,"Meat, Poultry"
Corned beef hash Dried,2 oz.,56,115,19,4,4,0,0,"Meat, Poultry"
Pot-pie,1 pie,227,480,18,28,25,t,32,"Meat, Poultry"
Corned beef hash Stew,1 cup,235,185,15,10,9,t,15,"Meat, Poultry"
chicken,3 oz.,85,185,23,9,7,0,0,"Meat, Poultry"
"Fried, breast or leg and thigh chicken",3 oz.,85,245,25,15,11,0,0,"Meat, Poultry"
Roasted chicken,3 1/2 oz.,100,290,25,20,16,0,0,"Meat, Poultry"
"Chicken livers, fried",3 med.,100,140,22,14,12,0,2.30,"Meat, Poultry"
"Duck, domestic",3 1/2 oz.,100,370,16,28,0,0,0,"Meat, Poultry"
"Lamb, chop, broiled",4 oz.,115,480,24,35,33,0,0,"Meat, Poultry"
Leg roasted,3 oz.,86,314,20,14,14,0,0,"Meat, Poultry"
"Shoulder, braised",3 oz.,85,285,18,23,21,0,0,"Meat, Poultry"
"Pork, chop, 1 thick",3 1/2 oz.,100,260,16,21,18,0,0,"Meat, Poultry"
Ham pan-broiled,3 oz.,85,290,16,22,19,0,0,"Meat, Poultry"
"Ham, as ",2 oz.,57,170,13,13,11,0,0,"Meat, Poultry"
"Ham, canned, spiced",2 oz.,57,165,8,14,12,0,1,"Meat, Poultry"
Pork roast,3 oz.,85,310,21,24,21,0,0,"Meat, Poultry"
Pork sausage,3 1/2 oz.,100,475,18,44,40,0,0,"Meat, Poultry"
Turkey,3 1/2 oz.,100,265,27,15,0,0,0,"Meat, Poultry"
Veal,3 oz.,85,185,23,9,8,0,0,"Meat, Poultry"
Roast,3 oz.,85,305,13,14,13,0,0,"Meat, Poultry"
Clams,3 oz.,85,87,12,1,0,0,2,"Fish, Seafood"
Cod,3 1/2 oz.,100,170,28,5,0,0,0,"Fish, Seafood"
Crab meat,3 oz.,85,90,14,2,0,0,1,"Fish, Seafood"
Fish sticks fried,5,112,200,19,10,5,0,8,"Fish, Seafood"
Flounder,3 1/2 oz.,100,200,30,8,0,0,0,"Fish, Seafood"
Haddock,3 oz.,85,135,16,5,4,0,6,"Fish, Seafood"
Halibut,3 1/2 oz.,100,182,26,8,0,0,0,"Fish, Seafood"
Herring,1 small,100,211,22,13,0,0,0,"Fish, Seafood"
Lobster,aver.,100,92,18,1,0,0,t,"Fish, Seafood"
Mackerel,3 oz.,85,155,18,9,0,a,0,"Fish, Seafood"
Oysters,6-8 med.,230,231,232,233,234,235,236,"Fish, Seafood"
Oyster stew,1 cup,85,125,19,6,1,0,0,"Fish, Seafood"
Salmon,3 oz.,85,120,17,5,1,0,0,"Fish, Seafood"
Sardines,3 oz.,85,180,22,9,4,0,0,"Fish, Seafood"
Scallops,3 1/2 oz.,100,104,18,8,0,0,10,"Fish, Seafood"
Shad,3 oz.,85,170,20,10,0,0,0,"Fish, Seafood"
Shrimp,3 oz.,85,110,23,1,0,0,0,"Fish, Seafood"
Swordfish,1 steak,100,180,27,6,0,0,0,"Fish, Seafood"
Tuna,3 oz.,85,170,25,7,3,0,0,"Fish, Seafood"
Artichoke,1 large,100,8-44,2,t,t,2,10,Vegetables A-E
Asparagus,6 spears,96,18,1,t,t,0.5,3,Vegetables A-E
Beans,1 cup,125,25,1,t,t,0.8,6,Vegetables A-E
Lima,1 cup,160,140,8,t,t,3.0,24,Vegetables A-E
"Lima, dry, cooked",1 cup,192,260,16,t,t,2,48,Vegetables A-E
"Navy, baked with pork",3/4 cup,200,250,11,6,6,2,37,Vegetables A-E
Red kidney,1 cup,260,230,15,1,0,2.5,42,Vegetables A-E
Bean sprouts,1 cup,50,17,1,t,0,0.3,3,Vegetables A-E
Beet greens,1 cup,100,27,2,t,0,1.4,6,Vegetables A-E
Beetroots,1 cup,165,1,12,0,,t,0.80,Vegetables A-E
Broccoli,1 cup,150,45,5,t,0,1.9,8,Vegetables A-E
Brussels sprouts,1 cup,130,60,6,t,0,1.7,12,Vegetables A-E
Sauerkraut,1 cup,150,32,1,t,0,1.2,7,Vegetables A-E
Steamed cabbage,1 cup,170,40,2,t,0,1.3,9,Vegetables A-E
Carrots,1 cup,150,45,1,t,0,0.9,10,Vegetables A-E
"Raw, grated",1 cup,110,45,1,t,0,1.2,10,Vegetables A-E
"Strips, from raw",1 mad.,50,20,t,t,0,0.5,5,Vegetables A-E
Cauliflower,1 cup,120,30,3,t,0,1,6,Vegetables A-E
Celery,1 cup,100,20,1,t,0,1,4,Vegetables A-E
Stalk raw,1 large,40,5,1,t,0,0.3,1,Vegetables A-E
Chard steamed,1 cup,150,30,2,t,0,1.4,7,Vegetables A-E
Collards,1 cup,150,51,5,t,0,2,8,Vegetables A-E
Corn,1 ear,100,92,3,1,t,0.8,21,Vegetables A-E
cooked or canned,1 cup,200,170,5,t,0,1.6,41,Vegetables A-E
Cucumbers,8,50,6,t,0,0,0.2,1,Vegetables A-E
Dandelion greens,1 cup,180,80,5,1,0,3.2,16,Vegetables A-E
Eggplant,1 cup,180,30,2,t,0,1.0,9,Vegetables A-E
Endive,2 oz.,57,10,1,t,0,0.6,2,Vegetables A-E
Kale,1 cup,110,45,4,1,0,0.9,8,Vegetables F-P
Kohlrabi,1 cup,140,40,2,t,0,1.5,9,Vegetables F-P
"Lambs quarters, steamed",1 cup,150,48,5,t,0,3.2,7,Vegetables F-P
Lentils,1 cup,200,212,15,t,0,2.4,38,Vegetables F-P
Lettuce,1/4 head,100,14,1,t,0,0.5,2,Vegetables F-P
Iceberg,1/4 head,100,13,t,t,0,0.5,3,Vegetables F-P
Mushrooms canned,4,120,12,2,t,0,t,4,Vegetables F-P
Mustard greens,1,140,30,3,t,0,1.2,6,Vegetables F-P
Okra,1 1/3 cups,100,32,1,t,0,1,7,Vegetables F-P
Onions,1,210,80,2,t,0,1.6,18,Vegetables F-P
"Raw, green",6 small,50,22,t,t,0,1,5,Vegetables F-P
Parsley,2 T.,50,2,t,t,0,t,t,Vegetables F-P
Parsnips,1 cup,155,95,2,1,0,3,22,Vegetables F-P
Peas,1 cup,100,66,3,t,0,0.1,13,Vegetables F-P
"Fresh, steamed peas",1 cup,100,70,5,t,0,2.2,12,Vegetables R-Z
Frozen peas,1 cup,100,,5,t,0,1.8,12,Vegetables R-Z
Split cooked peas,4 cups,100,115,8,t,0,0.4,21,Vegetables R-Z
heated peas,1 cup,100,53,3,t,0,1,10,Vegetables R-Z
Peppers canned,1 pod,38,10,t,t,0,t,2,Vegetables R-Z
"Peppers Raw, green, sweet",1 large,100,25,1,t,0,1.4,6,Vegetables R-Z
Peppers with beef and crumbs,1 med.,150,255,19,9,8,1,24,Vegetables R-Z
"Potatoes, baked",1 med.,100,100,2,t,0,0.5,22,Vegetables R-Z
French-fried,10 pieces,60,155,-1,7,3,0.4,20,Vegetables R-Z
Potatoes Mashed with milk and butter,1 cup,200,230,4,12,11,0.7,28,Vegetables R-Z
"Potatoes, pan-tried",3/4 cup,100,268,4,14,6,0.40,33,Vegetables R-Z
Scalloped with cheese potatoes,3/4 cup,100,145,6,8,7,0.40,14,Vegetables R-Z
Steamed potatoes before peeling,1 med.,100,80,2,t,0,0.40,19,Vegetables R-Z
Potato chips,10,20,110,1,7,4,t,10,Vegetables R-Z
Radishes,5 small,50,10,t,0,0,0.3,2,Vegetables R-Z
Rutabagas,4 cups,100,32,t,0,0,1.4,8,Vegetables R-Z
Soybeans,1 cup,200,260,22,11,0,3.2,20,Vegetables R-Z
Spinach,1 cup,100,26,3,t,0,1,3,Vegetables R-Z
Squash,1 cup,210,35,1,t,0,0.6,8,Vegetables R-Z
"Winter, mashed",1 cup,200,95,4,t,0,2.6,23,Vegetables R-Z
Sweet potatoes,1 med.,110,155,2,1,0,1,36,Vegetables R-Z
Candied,1 med.,175,235,2,6,5,1.5,80,Vegetables R-Z
Tomatoes,1 cup,240,50,2,t,0,1,9,Vegetables R-Z
"Raw, 2 by 2 1/2",1 med.,150,30,1,t,0,0.6,6,Vegetables R-Z
Tomato juice,1 cup,240,50,2,t,0,0.6,10,Vegetables R-Z
Tomato catsup,1 T.,17,15,t,t,0,t,4,Vegetables R-Z
Turnip greens,1 cup,145,45,4,1,0,1.8,8,Vegetables R-Z
"Turnips, steamed",1 cup,155,40,1,t,0,1.8,9,Vegetables R-Z
"Watercress stems, raw",1 cup,50,9,1,t,0,0.3,1,Fruits A-F
Apple juice canned,1 cup,250,125,t,0,0,0,34,Fruits A-F
Apple vinegar,1/3 cup,100,14,t,0,0,0,3,Fruits A-F
"Apples, raw",1 med,130,70,t,t,0,1,18,Fruits A-F
Stewed or canned,1 cup,240,100,t,t,0,2,26,Fruits A-F
Apricots,1 cup,250,220,2,t,0,1,57,Fruits A-F
"Dried, uncooked",1/2 cup,75,220,4,t,0,1,50,Fruits A-F
Fresh,3 med.,114,55,1,t,0,0.70,14,Fruits A-F
"Nectar, or juice",1 cup,250,140,1,t,0,2,36,Fruits A-F
Avocado,1/2 large,108,185,2,18,12,1.80,6,Fruits A-F
Banana,1 med.,150,85,1,t,0,0.9,23,Fruits A-F
Blackberries,1 cup,144,85,2,1,0,6.60,19,Fruits A-F
Blueberries,1 cup,250,245,1,t,0,2,65,Fruits A-F
Cantaloupe,1/2 med.,380,40,1,t,0,2.20,9,Fruits A-F
Cherries,1 cup,257,100,2,1,0,2,26,Fruits A-F
"Fresh, raw",1 cup,114,65,1,t,0,0.8,15,Fruits A-F
Cranberry sauce sweetened,1 cup,277,530,t,t,0,1.2,142,Fruits A-F
Dates,1 cup,178,505,4,t,0,3.6,134,Fruits A-F
Figs,2,42,120,2,t,0,1.9,30,Fruits A-F
"Fresh, raw figs",3 med.,114,90,2,t,0,1,22,Fruits A-F
figs Canned with syrup ,3,115,130,1,t,0,1,32,Fruits A-F
"Fruit cocktail, canned",1 cup,256,195,1,t,0,0.5,50,Fruits A-F
Grapefruit sections,1 cup,250,170,1,t,0,0.5,44,Fruits G-P
"Grapefruit, fresh, 5"" diameter",1/2,285,50,1,t,t,1,14,Fruits G-P
Grapefruit juice,1 cup,250,100,1,t,0,1,24,Fruits G-P
Grapes,1 cup,153,70,1,t,0,0.8,16,Fruits G-P
"European, as Muscat, Tokay",1 cup,160,100,1,t,0,0.7,26,Fruits G-P
Grape juice,1 cup,250,160,1,t,0,t,42,Fruits G-P
Lemon juice,1/2 cup,125,30,t,t,0,t,10,Fruits G-P
Lemonade concentratefrozen,6-oz. can,220,430,t,t,0,t,112,Fruits G-P
Limeade concentrate frozen,6-oz. can,218,405,t,t,0,t,108,Fruits G-P
Olives large,10,65,72,1,10,9,0.8,3,Fruits G-P
OlivesRipe,10,65,105,1,13,12,1,1,Fruits G-P
"Oranges 3"" diameter",1 med.,180,60,2,t,t,1,16,Fruits G-P
Orange juice,8 oz. or,250,112,2,t,0,0.2,25,Fruits G-P
Frozen ,6-oz. can,210,330,2,t,t,0.4,78,Fruits G-P
Papaya,1/2 med.,200,75,1,t,0,1.8,18,Fruits G-P
Peaches,1 cup,257,200,1,t,0,1,52,Fruits G-P
"Fresh, raw",1 med.,114,35,1,t,0,0.6,10,Fruits G-P
Pears,1 cup,255,195,1,t,0,2,50,Fruits G-P
"Raw, 3 by 2V",1 med.,182,100,1,1,0,2,25,Fruits G-P
Persimmons,1 med.,125,75,1,t,0,2,20,Fruits G-P
Pineapple,1 large slice,122,95,t,t,0,0.4,26,Fruits G-P
Pineapple Crushed,1 cup,260,205,1,t,0,0.7,55,Fruits G-P
"Raw, diced",1 cup,140,75,1,t',0,0.6,19,Fruits G-P
Pineapple juice,1 cup,250,120,1,t,0,0.2,32,Fruits G-P
Plums,1 cup,256,185,1,t,0,0.7,50,Fruits G-P
"Raw, 2"" diameter",1,60,30,t,t,0,0.2,7,Fruits G-P
Prunes,1 cup,270,300,3,1,0,0.8,81,Fruits G-P
Prune juice,1 cup,240,170,1,t,0,0.7,45,Fruits G-P
Raisins,1/2 cup,88,230,2,t,0,0.7,82,Fruits R-Z
Raspberries,1/2 cup,100,100,t,t,0,2,25,Fruits R-Z
"Raw, red",3/4 cup,100,57,t,t,0,5,14,Fruits R-Z
Rhubarb sweetened,1 cup,270,385,1,t,0,1.9,98,Fruits R-Z
Strawberries,1 cup,227,242,1,t,0,1.3,60,Fruits R-Z
Raw,1 cup,149,54,t,t,0,1.9,12,Fruits R-Z
Tangerines,I med.,114,40,1,t,0,1,10,Fruits R-Z
Watermelon,1 wedge,925,120,2,1,0,3.6,29,Fruits R-Z
Biscuits,1,38,130,3,4,3,t,18,"Breads, cereals, fastfood,grains"
Bran flakes,1 cup,25,117,3,t,0,0.10,32,"Breads, cereals, fastfood,grains"
"Bread, cracked wheat",1 slice,23,60,2,1,1,0.10,12,"Breads, cereals, fastfood,grains"
Rye,1 slice,23,55,2,1,1,0.10,12,"Breads, cereals, fastfood,grains"
"White, 20 slices, or",1-lb. loaf,454,"1,225",39,15,12,9.00,229,"Breads, cereals, fastfood,grains"
Whole-wheat,1-lb. loaf,454,"1,100",48,14,10,67.50,216,"Breads, cereals, fastfood,grains"
Whole-wheat,1 slice,23,55,2,1,0,0.31,11,"Breads, cereals, fastfood,grains"
Corn bread ground meal,1 serving,50,100,3,4,2,0.30,15,"Breads, cereals, fastfood,grains"
Cornflakes,1 cup,25,110,2,t,0,0.1,25,"Breads, cereals, fastfood,grains"
Corn grits cooked,1 cup,242,120,8,t,0,0.2,27,"Breads, cereals, fastfood,grains"
Corn meal,1 cup,118,360,9,4,2,1.6,74,"Breads, cereals, fastfood,grains"
Crackers,2 med.,14,55,1,1,0,t,10,"Breads, cereals, fastfood,grains"
"Soda, 2 1/2 square",2,11,45,1,1,0,t,8,"Breads, cereals, fastfood,grains"
Farina,1 cup,238,105,3,t,0,8,22,"Breads, cereals, fastfood,grains"
Flour,1 cup,110,460,39,22,0,2.9,33,"Breads, cereals, fastfood,grains"
Wheat (all purpose),1 cup,110,400,12,1,0,0.3,84,"Breads, cereals, fastfood,grains"
Wheat (whole),1 cup,120,390,13,2,0,2.8,79,"Breads, cereals, fastfood,grains"
Macaroni,1 cup,140,155,5,1,0,0.1,32,"Breads, cereals, fastfood,grains"
Baked with cheese,1 cup,220,475,18,25,24,t,44,"Breads, cereals, fastfood,grains"
Muffins,1,48,135,4,5,4,t,19,"Breads, cereals, fastfood,grains"
Noodles,1 cup,160,200,7,2,2,0.1,37,"Breads, cereals, fastfood,grains"
Oatmeal,1 cup,236,150,5,3,2,4.6,26,"Breads, cereals, fastfood,grains"
"Pancakes 4"" diam.",4,108,250,7,9,0,0.1,28,"Breads, cereals, fastfood,grains"
"Wheat, pancakes 4"" diam.",4,108,250,7,9,0,0.1,28,"Breads, cereals, fastfood,grains"
"Pizza 14"" diam.",1 section,75,180,8,6,5,t,23,"Breads, cereals, fastfood,grains"
Popcorn salted,2 cups,28,152,3,7,2,0.5,20,"Breads, cereals, fastfood,grains"
Puffed rice,1 cup,14,55,t,t,0,t,12,"Breads, cereals, fastfood,grains"
Puffed wheat presweetened,1 cup,28,105,1,t,0,0.6,26,"Breads, cereals, fastfood,grains"
Rice,1 cup,208,748,15,3,0,1.2,154,"Breads, cereals, fastfood,grains"
Converted,1 cup,187,677,14,t,0,0.4,142,"Breads, cereals, fastfood,grains"
White,1 cup,191,692,14,t,0,0.3,150,"Breads, cereals, fastfood,grains"
Rice flakes,1 cup,30,115,2,t,0,0.1,26,"Breads, cereals, fastfood,grains"
Rice polish,1/2 cup,50,132,6,6,0,1.2,28,"Breads, cereals, fastfood,grains"
Rolls,1 large,50,411,3,12,11,0.1,23,"Breads, cereals, fastfood,grains"
of refined flour,1,38,115,3,2,2,t,20,"Breads, cereals, fastfood,grains"
whole-wheat,1,40,102,4,1,0,0.1,20,"Breads, cereals, fastfood,grains"
Spaghetti with meat sauce,1 cup,250,285,13,10,6,0.50,35,"Breads, cereals, fastfood,grains"
with tomatoes and cheese,1 cup,250,210,6,5,3,0.50,36,"Breads, cereals, fastfood,grains"
Spanish rice,1 cup,250,217,4,4,0,1.20,40,"Breads, cereals, fastfood,grains"
Shredded wheat biscuit,1,28,100,3,1,0,0.70,23,"Breads, cereals, fastfood,grains"
Waffles,1,75,240,8,9,1,0.10,30,"Breads, cereals, fastfood,grains"
Wheat germ,1 cup,68,245,17,7,3,2.50,34,"Breads, cereals, fastfood,grains"
Wheat-germ cereal toasted,1 cup,65,260,20,7,3,2.50,36,"Breads, cereals, fastfood,grains"
Wheat meal cereal unrefined,3/4 cup,30,103,4,1,0,0.70,25,"Breads, cereals, fastfood,grains"
"Wheat, cooked",3/4 cup,200,275,12,1,0,4.40,35,"Breads, cereals, fastfood,grains"
Bean soups,1 cup,250,190,8,5,4,0.60,30,Soups
Beef soup,1 cup,250,100,6,4,4,0.50,11,Soups
Bouillon,1 cup,240,24,5,0,0,0,0,Soups
chicken soup,1 cup,250,75,4,2,2,0,10,Soups
Clam chowder,1 cup,255,85,5,2,8,0.50,12,Soups
Cream soups,1 cup,255,200,7,12,11,1.20,18,Soups
Noodle,1 cup,250,115,6,4,3,0.20,13,Soups
Split-pea soup,1 cup,250,147,8,3,3,0.50,25,Soups
Tomato soup,1 cup,245,175,6,7,6,0.50,22,Soups
Vegetable,1 cup,250,80,4,2,2,0,14,Soups
Apple betty,1 serving,100,150,1,4,0,0.5,29,"Desserts, sweets"
Bread pudding,3/4 cup,200,374,11,12,11,0.20,56,"Desserts, sweets"
Cakes,1 slice,40,110,3,t,0,0,23,"Desserts, sweets"
Chocolate fudge,1 slice,120,420,5,14,12,0.3,70,"Desserts, sweets"
Cupcake,1,50,160,3,3,2,t,31,"Desserts, sweets"
Fruit cake,1 slice,30,105,2,4,3,0.2,17,"Desserts, sweets"
Gingerbread,1 slice,55,180,2,7,6,t,28,"Desserts, sweets"
"Plain, with no icing",1 slice,55,180,4,5,4,t,31,"Desserts, sweets"
Sponge cake,1 slice,40,115,3,2,2,0,22,"Desserts, sweets"
Candy,5,25,104,t,3,3,0,19,"Desserts, sweets"
Chocolate creams,2,30,130,t,4,4,0,24,"Desserts, sweets"
Fudge,2 pieces,90,370,t,12,11,0.1,80,"Desserts, sweets"
Hard candies,1 oz.,28,90,t,0,0,0,28,"Desserts, sweets"
Marshmallows,5,30,98,1,0,0,0,23,"Desserts, sweets"
Milk chocolate,2-oz. bar,56,290,2,6,6,0.2,44,"Desserts, sweets"
Chocolate syrup,2 T.,40,80,t,t,t,0,22,"Desserts, sweets"
Doughnuts,1,33,135,2,7,4,t,17,"Desserts, sweets"
"Gelatin, made with water",1 cup,239,155,4,t,t,0,36,"Desserts, sweets"
Honey,2 T.,42,120,t,0,0,0,30,"Jams, Jellies"
Ice cream,2 cups,300,250,0,0,12,10,0,"Desserts, sweets"
Ices,1 cup,150,117,0,0,0,0,48,"Desserts, sweets"
preserves,1 T.,20,55,0,0,0,t,14,"Jams, Jellies"
Jellies,1 T.,20,50,0,0,0,0,13,"Jams, Jellies"
Molasses,1 T.,20,45,0,0,0,8,11,"Jams, Jellies"
Cane Syrup,1 T.,20,50,0,0,0,0,13,"Jams, Jellies"
"9"" diam. pie",1 slice,135,330,3,13,11,0.1,53,"Desserts, sweets"
Cherry Pie,1 slice,135,340,3,13,11,0.1,55,"Desserts, sweets"
Custard,1 slice,130,265,7,11,10,0,34,"Desserts, sweets"
Lemon meringue,1 slice,120,300,4,12,10,0.1,45,"Desserts, sweets"
Mince,1 slice,135,340,3,9,8,0.70,62,"Desserts, sweets"
Pumpkin Pie,1 slice,130,265,5,12,11,8,34,"Desserts, sweets"
Puddings Sugar,1 cup,200,770,0,0,0,0,199,"Desserts, sweets"
sugar,1 T.,12,50,0,0,0,0,12,"Desserts, sweets"
"Brown, firm-packed, dark sugar",1 cup,220,815,0,t,0,0,210,"Jams, Jellies"
Syrup,2 T.,40,100,0,0,0,0,25,"Jams, Jellies"
table blends sugar,2 T.,40,110,0,0,0,0,29,"Jams, Jellies"
Tapioca cream pudding,1 cup,250,335,10,10,9,0,42,"Desserts, sweets"
Almonds,1/2 cup,70,425,13,38,28,1.8,13,Seeds and Nuts
roasted and salted,1/2 cup,70,439,13,40,31,1.8,13,Seeds and Nuts
Brazil nuts,1/2 cup,70,457,10,47,31,2,7,Seeds and Nuts
Cashews,1/2 cup,70,392,12,32,28,0.9,20,Seeds and Nuts
coconut sweetened,1/2 cup,50,274,1,20,19,2,26,Seeds and Nuts
Peanut butter,1/3 cup,50,300,12,25,17,0.9,9,Seeds and Nuts
"Peanut butter, natural",1/3 cup,50,284,13,24,10,0.9,8,Seeds and Nuts
Peanuts,1/3 cup,50,290,13,25,16,1.2,9,Seeds and Nuts
Pecans,1/2 cup,52,343,5,35,25,1.1,7,Seeds and Nuts
Sesame seeds,1/2 cup,50,280,9,24,13,3.1,10,Seeds and Nuts
Sunflower seeds,1/2 cup,50,280,12,26,7,1.9,10,Seeds and Nuts
Walnuts,1/2 cup,50,325,7,32,7,1,8,Seeds and Nuts
Beer,2 cups,480,228,t,0,0,0,8,"Drinks,Alcohol, Beverages"
Gin,1 oz.,28,70,0,0,0,0,t,"Drinks,Alcohol, Beverages"
Wines,1/2 cup,120,164,t,0,0,0,9,"Drinks,Alcohol, Beverages"
Table (12.2% alcohol),1/2 cup,120,100,t,0,0,0,5,"Drinks,Alcohol, Beverages"
Carbonated drinks Artificially sweetened,12 oz.,346,0,0,0,0,0,0,"Drinks,Alcohol, Beverages"
Club soda,12 oz.,346,0,0,0,0,0,0,"Drinks,Alcohol, Beverages"
Cola drinks,12 oz.,346,137,0,0,0,0,38,"Drinks,Alcohol, Beverages"
Fruit-flavored soda,12 oz.,346,161,0,0,0,0,42,"Drinks,Alcohol, Beverages"
Ginger ale,12 oz.,346,105,0,0,0,0,28,"Drinks,Alcohol, Beverages"
Root beer,12 oz.,346,140,0,0,0,0,35,"Drinks,Alcohol, Beverages"
Coffee,1 cup,230,3,t,0,0,0,1,"Drinks,Alcohol, Beverages"
Tea,1 cup,230,4,0,t,0,0,1,"Drinks,Alcohol, Beverages"
apple,1 medium,182,95,0.5,0.3,0,4.4,25,Fruits
banana,1 medium,118,105,1.3,0.4,0.1,3.1,27,Fruits
orange,1 medium,131,62,1.2,0.2,0,3.1,15,Fruits
strawberries,1 cup,152,50,1,0.4,0,3,12,Fruits
broccoli,1 cup chopped,91,55,4.7,1.2,0.1,2.6,10,Vegetables
carrot,1 medium,61,25,0.6,0.1,0,1.7,6,Fruits
potato,1 medium,213,163,3,0.2,0,3.8,37,Vegetables
spinach,1 cup,30,7,0.9,0.1,0,0.7,1,Vegetables
tomato,1 medium,123,22,1.1,0.2,0,1.5,5,Vegetables
avocado,1 cup mashed,230,240,3,22,3.2,13.5,12,Fruits
blueberries,1 cup,148,84,1.1,0.5,0,3.6,21,Fruits
cucumber,1 cup sliced,119,14,0.3,0.1,0,0.5,3,Vegetables
mango,1 medium,201,202,2.8,0.6,0.2,3,50,Fruits
peach,1 medium,150,59,1.4,0.4,0,2.3,15,Fruits
pear,1 medium,178,101,0.6,0.2,0,5.1,27,Fruits
pineapple,1 cup chunks,165,82,0.9,0.2,0.1,2.3,22,Fruits
raspberries,1 cup,123,64,1.5,0.8,0,8,15,Fruits
watermelon,1 cup diced,152,46,0.9,0.2,0,0.6,11,Fruits
asparagus,1 cup,134,27,2.9,0.2,0,2.8,5,Vegetables
bell pepper,1 cup chopped,149,31,1.5,0.3,0,2.5,6,Vegetables
cabbage,1 cup chopped,89,22,1.1,0.1,0,1.8,5,Vegetables
cauliflower,1 cup chopped,107,27,2.1,0.3,0,2.5,5,Vegetables
celery,1 cup chopped,101,16,0.8,0.2,0,1.6,4,Vegetables
eggplant,1 cup cubes,99,20,0.8,0.2,0.1,2.5,5,Vegetables
lettuce,1 cup shredded,36,5,0.5,0.1,0,0.9,1,Vegetables
onion,1 cup chopped,115,64,1.8,0.2,0,2.7,15,Vegetables
squash,1 cup sliced,116,18,0.6,0.2,0,2.2,4,Vegetables
zucchini,1 cup sliced,124,20,1.4,0.3,0.1,1.2,4,Vegetables
blackberries,1 cup,144,62,2,0.7,0,7.6,14,Fruits
cantaloupe,1 cup cubes,160,54,1.3,0.3,0.1,1.4,13,Fruits
kiwi,1 medium,91,50,1.1,0.5,0.1,2.5,13,Fruits
lemon,1 fruit (2-3/8" dia),58,17,0.6,0.2,0,2.4,5,Fruits
lime,1 fruit (2" dia),67,20,0.5,0.1,0,1
cottage cheese,1 cup,210,220,28,10,6,0,10,Dairy products
yogurt,1 cup,245,150,8,8,5,0,11,Dairy products
cheddar cheese,1 slice,28,113,7,9,6,0,1,Dairy products
parmesan cheese,1 tbsp,5,22,1.4,1.4,1,0,0.2,Dairy products
mozzarella cheese,1 slice,28,78,6,6,4,0,1,Dairy products
swiss cheese,1 slice,28,106,7,8,5,0,1,Dairy products
feta cheese,1 slice,28,74,4.2,6,3.9,0,1,Dairy products
brie cheese,1 slice,28,95,6.8,7.8,4.8,0,0.5,Dairy products
gouda cheese,1 slice,28,101,7,8,5,0,1,Dairy products
peanut butter,1 tbsp,16,94,4.1,8,1.6,1,3,Nuts and Seeds
almonds,1 oz (23 almonds),28,160,6,14,1,3.5,6,Nuts and Seeds
walnuts,1 oz (14 halves),28,183,4.3,18,1.7,1.9,4,Nuts and Seeds
cashews,1 oz (18 kernels),28,157,5.2,12,2.2,0.9,9,Nuts and Seeds
pistachios,1 oz (49 kernels),28,159,5.7,13,1.6,2.9,8,Nuts and Seeds
sunflower seeds,1 oz,28,164,5.5,14,1.5,2.4,6,Nuts and Seeds
chia seeds,1 oz,28,138,4.7,9,0.9,9.8,12,Nuts and Seeds
flaxseeds,1 tbsp,10,55,1.9,4.3,0.4,2.8,3,Nuts and Seeds
pumpkin seeds,1 oz (85 seeds),28,151,7,13,2.2,1.7,5,Nuts and Seeds
quinoa,1 cup cooked,185,222,8.1,3.6,0.4,5.2,39,Grains
brown rice,1 cup cooked,195,218,4.5,0.7,0.2,1.6,45,Grains
barley,1 cup cooked,157,193,3.5,0.7,0.1,6,44,Grains
oats,1 cup cooked,234,147,5.5,2.5,0.4,4,25,Grains
whole wheat bread,1 slice,28,69,3.6,1.1,0.2,1.9,11,Grains
whole wheat pasta,1 cup cooked,140,174,7.5,1,0.1,3.9,37,Grains
corn,1 cup,166,177,4.7,2.1,0.3,2.7,41,Grains
millet,1 cup cooked,174,207,6.1,1.7,0.3,2.3,41,Grains
rye bread,1 slice,32,83,2.7,0.8,0.1,1.3,15,Grains
spaghetti,1 cup cooked,140,221,8.1,1.3,0.2,2.5,43,Grains
black beans,1 cup cooked,172,227,15.2,0.9,0.1,15,41,Legumes
kidney beans,1 cup cooked,177,218,15.3,0.9,0.1,11.3,40,Legumes
chickpeas,1 cup cooked,164,269,14.5,4.2,0.4,12.5,45,Legumes
lentils,1 cup cooked,198,230,17.9,0.8,0.1,15.6,39,Legumes
green peas,1 cup,160,117,7.9,0.6,0.1,7.1,21,Legumes
tofu,1 cup,252,176,20.3,11.5,1.5,4,2,Vegetarian Proteins
tempeh,1 cup,166,319,31.1,18.1,3.4,0,18,Vegetarian Proteins
seitan,1 oz,28,104,21.3,1.9,0.3,0,4,Vegetarian Proteins
edamame,1 cup,155,189,16.9,8.1,1.1,8.1,13,Vegetarian Proteins
chicken breast,1 breast,172,284,53,6.2,1.7,0,0,Poultry
chicken thigh,1 thigh,109,209,13,16,4.5,0,0,Poultry
chicken drumstick,1 drumstick,85,134,12,9,2.5,0,0,Poultry
turkey breast,1 slice,28,27,6,0.3,0.1,0,0,Poultry
turkey thigh,1 thigh,135,209,21,14,3.8,0,0,Poultry
duck breast,1 breast,280,348,19,29,10,0,0,Poultry
duck leg,1 leg,111,170,14,12,3.4,0,0,Poultry
goose breast,1 breast,400,452,27,39,11,0,0,Poultry
goose leg,1 leg,300,364,24,29,8.1,0,0,Poultry
trout,1 fillet,71,143,20,6,1.1,0,0,Fish
salmon,1 fillet,108,412,58,19,3.2,0,0,
mackerel,1 fillet,88,330,46,15,3.6,0,0,Fish
sardines,1 can,92,191,22,10,3,0,0,Fish
haddock,1 fillet,150,168,20,0.7,0.2,0,0,Fish
halibut,1 fillet,159,186,30,6,0.7,0,0,Fish
shark,1 fillet,150,168,20,0.7,0.2,0,0,Fish
swordfish,1 fillet,116,206,29,9,3,0,0,Fish
snapper,1 fillet,85,94,20,1.3,0.3,0,0,Fish
grouper,1 fillet,180,189,40,1.3,0.3,0,0,Fish
tilapia,1 fillet,87,111,23,1.8,0.5,0,0,Fish
clams,1 cup,160,126,22,2,0.8,0,0,Seafood
mussels,1 cup,140,172,24,4,0.8,0,0,Seafood
oysters,1 cup,230,227,30,9,2,0,0,Seafood
octopus,1 cup,116,140,25,1.9,0.3,0,0,Seafood
cuttlefish,1 cup,170,180,33,3,0.5,0,0,Seafood
squid,1 cup,170,200,30,4,0.7,0,0,Seafood
lobster,1 cup,145,129,28,0.8,0.2,0,0,Seafood
crab,1 cup,135,134,24,1.5,0.2,0,0,Seafood
shrimp,1 cup,85,85,18,0.9,0.1,0,0,Seafood